                  epoch,         train/box_loss,         train/cls_loss,         train/dfl_loss,   metrics/precision(B),      metrics/recall(B),       metrics/mAP50(B),    metrics/mAP50-95(B),           val/box_loss,           val/cls_loss,           val/dfl_loss,                 lr/pg0,                 lr/pg1,                 lr/pg2
                      1,                0.01913,                 2.0493,                 1.7178,                0.36271,                 0.2496,                0.20231,                0.10664,                0.01459,                 1.6096,                 1.4341,                0.03441,               0.001066,               0.001066
                      2,                0.01407,                 1.5815,                   1.39,                 0.3556,                0.31221,                0.27614,                0.15142,                0.01279,                 1.4004,                 1.3561,                 0.0188,              0.0021233,              0.0021233
                      3,                0.01333,                 1.5016,                 1.3524,                 0.4162,                0.31734,                0.30784,                0.16934,                0.01205,                 1.3386,                 1.3088,              0.0031815,              0.0031712,              0.0031712
                      4,                0.01291,                 1.4269,                 1.3319,                0.39999,                0.32303,                0.31757,                0.17891,                0.01173,                 1.2894,                  1.292,              0.0031578,              0.0031578,              0.0031578
                      5,                0.01258,                 1.3819,                 1.3079,                0.36706,                0.35099,                 0.3124,                0.17781,                0.01156,                 1.2751,                 1.2783,              0.0031578,              0.0031578,              0.0031578
                      6,                0.01227,                 1.3321,                 1.2961,                0.43716,                0.34723,                0.34848,                0.20227,                0.01122,                 1.2158,                 1.2616,              0.0031437,              0.0031437,              0.0031437
                      7,                0.01196,                 1.2948,                 1.2795,                0.46022,                0.36359,                0.36702,                0.21115,                0.01108,                 1.1805,                 1.2507,              0.0031296,              0.0031296,              0.0031296
                      8,                0.01185,                 1.2741,                 1.2776,                0.46115,                0.37962,                 0.3781,                0.21787,                0.01105,                 1.1557,                 1.2441,              0.0031155,              0.0031155,              0.0031155
                      9,                0.01177,                 1.2582,                 1.2677,                0.45485,                 0.3723,                0.36603,                0.21162,                0.01116,                 1.1798,                  1.247,              0.0031014,              0.0031014,              0.0031014
                     10,                 0.0118,                 1.2498,                 1.2657,                0.43244,                0.38029,                0.36745,                0.21365,                  0.011,                 1.1795,                 1.2429,              0.0030874,              0.0030874,              0.0030874
                     11,                0.01169,                 1.2397,                  1.255,                0.45586,                0.39407,                0.38478,                0.22579,                0.01089,                  1.172,                 1.2326,              0.0030733,              0.0030733,              0.0030733
                     12,                0.01156,                 1.2258,                 1.2489,                0.48516,                0.39501,                0.40294,                0.23537,                0.01066,                 1.1166,                 1.2239,              0.0030592,              0.0030592,              0.0030592
                     13,                0.01153,                 1.2195,                 1.2451,                0.49101,                0.39078,                0.39975,                0.23546,                0.01062,                 1.1236,                 1.2137,              0.0030451,              0.0030451,              0.0030451
                     14,                0.01137,                 1.2023,                 1.2385,                0.48436,                0.40775,                0.41433,                0.24083,                0.01063,                 1.1085,                 1.2115,               0.003031,               0.003031,               0.003031
                     15,                0.01136,                 1.1979,                 1.2402,                0.50622,                 0.4083,                 0.4174,                0.24617,                0.01052,                 1.1025,                 1.2102,               0.003017,               0.003017,               0.003017
                     16,                 0.0113,                 1.1827,                 1.2321,                0.50586,                0.41359,                0.42463,                0.25026,                0.01041,                 1.0924,                  1.204,              0.0030029,              0.0030029,              0.0030029
                     17,                0.01134,                 1.1784,                 1.2335,                0.51355,                0.41699,                0.42842,                0.25361,                0.01043,                 1.0974,                 1.1999,              0.0029888,              0.0029888,              0.0029888
                     18,                0.01116,                 1.1671,                 1.2223,                 0.4998,                0.41047,                0.42119,                0.24821,                0.01042,                  1.086,                 1.2004,              0.0029747,              0.0029747,              0.0029747
                     19,                0.01115,                 1.1636,                 1.2268,                0.52243,                0.40868,                0.43133,                0.25508,                0.01044,                 1.0759,                 1.2013,              0.0029606,              0.0029606,              0.0029606
                     20,                0.01115,                 1.1587,                  1.222,                0.49987,                0.40851,                0.41956,                0.24815,                0.01038,                 1.0971,                 1.1973,              0.0029466,              0.0029466,              0.0029466
                     21,                0.01106,                 1.1492,                 1.2217,                0.50813,                0.42332,                 0.4345,                0.25499,                0.01038,                  1.073,                 1.1957,              0.0029325,              0.0029325,              0.0029325
                     22,                 0.0111,                  1.149,                 1.2211,                0.50235,                0.42457,                 0.4334,                0.25839,                0.01026,                  1.059,                  1.193,              0.0029184,              0.0029184,              0.0029184
                     23,                  0.011,                 1.1457,                 1.2178,                0.50885,                0.42784,                0.43278,                0.25709,                 0.0103,                 1.0732,                 1.1964,              0.0029043,              0.0029043,              0.0029043
                     24,                0.01098,                  1.134,                 1.2132,                0.52928,                 0.4266,                0.44285,                0.26208,                 0.0102,                 1.0576,                 1.1872,              0.0028902,              0.0028902,              0.0028902
                     25,                0.01106,                 1.1374,                 1.2162,                0.51368,                 0.4343,                0.44205,                0.26238,                 0.0103,                 1.0606,                 1.1927,              0.0028762,              0.0028762,              0.0028762
                     26,                  0.011,                 1.1237,                 1.2129,                0.52529,                0.43124,                0.44528,                0.26543,                0.01018,                 1.0439,                 1.1921,              0.0028621,              0.0028621,              0.0028621
                     27,                0.01086,                 1.1186,                 1.2128,                0.52195,                0.44023,                0.44939,                0.26926,                0.01006,                 1.0392,                 1.1827,               0.002848,               0.002848,               0.002848
                     28,                0.01094,                  1.126,                   1.21,                0.52628,                 0.4335,                0.44893,                 0.2701,                 0.0101,                 1.0416,                 1.1796,              0.0028339,              0.0028339,              0.0028339
                     29,                0.01095,                   1.12,                 1.2101,                0.54106,                0.43577,                0.45617,                0.27265,                0.01011,                 1.0308,                 1.1798,              0.0028198,              0.0028198,              0.0028198
                     30,                0.01082,                 1.1111,                 1.2013,                0.53844,                0.44113,                0.45637,                0.27201,                0.01014,                 1.0333,                 1.1803,              0.0028058,              0.0028058,              0.0028058
                     31,                0.01084,                 1.1109,                 1.2119,                0.53945,                0.43426,                0.45357,                0.26939,                0.01009,                 1.0336,                 1.1785,              0.0027917,              0.0027917,              0.0027917
                     32,                0.01085,                  1.108,                 1.2045,                0.53817,                0.44411,                0.45874,                 0.2743,                0.01006,                 1.0283,                 1.1778,              0.0027776,              0.0027776,              0.0027776
                     33,                0.01086,                 1.1184,                 1.2076,                0.53926,                0.44103,                0.46074,                0.27643,                0.00996,                 1.0198,                 1.1744,              0.0027635,              0.0027635,              0.0027635
                     34,                0.01081,                 1.1059,                 1.2052,                0.52757,                0.45045,                0.45985,                0.27559,                0.01005,                 1.0234,                 1.1761,              0.0027494,              0.0027494,              0.0027494
                     35,                0.01084,                 1.1043,                 1.2075,                0.52946,                0.45065,                0.45986,                0.27549,                0.01001,                  1.026,                 1.1747,              0.0027354,              0.0027354,              0.0027354
                     36,                0.01077,                 1.0964,                 1.2059,                0.53761,                 0.4465,                0.46346,                0.27772,                0.00999,                 1.0122,                  1.174,              0.0027213,              0.0027213,              0.0027213
                     37,                0.01079,                 1.0946,                 1.2014,                0.53907,                0.44955,                0.46741,                0.27946,                0.00995,                 1.0186,                 1.1711,              0.0027072,              0.0027072,              0.0027072
                     38,                0.01068,                 1.0848,                 1.2001,                 0.5433,                0.45704,                0.47113,                0.28234,                0.00998,                 1.0035,                  1.175,              0.0026931,              0.0026931,              0.0026931
                     39,                0.01067,                 1.0817,                 1.1945,                0.54307,                0.45571,                0.46851,                0.28014,                0.00998,                 1.0085,                  1.172,               0.002679,               0.002679,               0.002679
                     40,                0.01068,                 1.0786,                  1.194,                0.54748,                0.44555,                0.46653,                0.27978,                 0.0099,                  1.012,                 1.1693,               0.002665,               0.002665,               0.002665
                     41,                0.01059,                 1.0772,                 1.1941,                0.55084,                0.45163,                0.47222,                0.28431,                0.00992,                 1.0046,                 1.1706,              0.0026509,              0.0026509,              0.0026509
                     42,                0.01068,                 1.0776,                 1.1924,                0.55897,                0.45375,                0.47392,                0.28542,                0.00985,                 1.0006,                 1.1662,              0.0026368,              0.0026368,              0.0026368
                     43,                0.01061,                 1.0737,                 1.1953,                0.55221,                0.45172,                0.47462,                0.28568,                0.00984,                0.99577,                 1.1644,              0.0026227,              0.0026227,              0.0026227
                     44,                 0.0106,                 1.0733,                 1.1942,                0.56263,                0.45491,                0.47722,                0.28757,                0.00985,                0.99657,                 1.1642,              0.0026086,              0.0026086,              0.0026086
                     45,                0.01062,                 1.0689,                 1.1945,                0.56025,                0.45234,                0.47701,                0.28655,                0.00984,                0.99917,                 1.1645,              0.0025946,              0.0025946,              0.0025946
                     46,                0.01058,                 1.0705,                 1.1912,                0.55333,                0.46154,                0.47995,                 0.2889,                0.00984,                0.99558,                 1.1644,              0.0025805,              0.0025805,              0.0025805
                     47,                0.01066,                 1.0702,                  1.194,                0.55705,                0.45751,                0.48018,                 0.2906,                0.00979,                0.99363,                 1.1635,              0.0025664,              0.0025664,              0.0025664
                     48,                0.01056,                 1.0595,                 1.1889,                0.56149,                0.45834,                0.48244,                0.29131,                0.00978,                0.98833,                 1.1608,              0.0025523,              0.0025523,              0.0025523
                     49,                0.01052,                 1.0605,                 1.1907,                0.56157,                0.45887,                0.48147,                0.29128,                0.00978,                0.99311,                 1.1607,              0.0025382,              0.0025382,              0.0025382
                     50,                0.01053,                 1.0601,                 1.1878,                   0.56,                0.45902,                0.48384,                0.29213,                0.00973,                0.98417,                 1.1586,              0.0025242,              0.0025242,              0.0025242
                     51,                0.01059,                 1.0648,                   1.19,                0.57424,                0.45588,                0.48367,                0.29227,                0.00978,                 0.9849,                 1.1603,              0.0025101,              0.0025101,              0.0025101
                     52,                0.01053,                 1.0524,                 1.1851,                0.56065,                0.45698,                0.48369,                0.29302,                0.00976,                0.98146,                   1.16,               0.002496,               0.002496,               0.002496
                     53,                0.01062,                 1.0635,                 1.1907,                0.55368,                0.46725,                 0.4867,                 0.2933,                0.00974,                0.98521,                 1.1597,              0.0024819,              0.0024819,              0.0024819
                     54,                0.01053,                 1.0602,                 1.1892,                0.55569,                 0.4633,                0.48337,                0.29316,                0.00976,                0.98406,                 1.1583,              0.0024678,              0.0024678,              0.0024678
                     55,                0.01055,                 1.0543,                 1.1867,                0.56146,                0.46363,                0.48639,                0.29319,                0.00973,                0.98398,                 1.1575,              0.0024538,              0.0024538,              0.0024538
                     56,                0.01048,                 1.0523,                 1.1866,                0.56687,                0.46803,                0.49021,                0.29722,                 0.0097,                0.97729,                 1.1575,              0.0024397,              0.0024397,              0.0024397
                     57,                0.01043,                 1.0429,                 1.1832,                0.56238,                0.46974,                0.49101,                0.29778,                0.00969,                0.97547,                 1.1562,              0.0024256,              0.0024256,              0.0024256
                     58,                0.01049,                 1.0484,                 1.1835,                0.56024,                0.46621,                0.48661,                0.29378,                0.00971,                0.97575,                 1.1563,              0.0024115,              0.0024115,              0.0024115
                     59,                0.01041,                 1.0411,                 1.1811,                0.56229,                0.46702,                0.48691,                0.29532,                 0.0097,                0.97585,                 1.1565,              0.0023974,              0.0023974,              0.0023974
                     60,                0.01048,                 1.0418,                 1.1842,                0.57546,                0.46121,                0.49119,                0.29762,                0.00967,                0.97092,                 1.1536,              0.0023834,              0.0023834,              0.0023834
                     61,                0.01043,                 1.0418,                 1.1828,                0.56991,                0.46578,                0.48965,                0.29655,                0.00969,                0.97074,                 1.1548,              0.0023693,              0.0023693,              0.0023693
                     62,                0.01047,                  1.038,                 1.1805,                0.56956,                0.46883,                0.49442,                0.30117,                0.00966,                 0.9715,                 1.1529,              0.0023552,              0.0023552,              0.0023552
                     63,                0.01043,                 1.0332,                 1.1814,                  0.578,                0.46914,                0.49305,                0.29861,                0.00968,                0.96649,                  1.154,              0.0023411,              0.0023411,              0.0023411
                     64,                0.01045,                 1.0365,                 1.1784,                0.57172,                0.47405,                0.49613,                0.30144,                0.00965,                0.96451,                  1.153,               0.002327,               0.002327,               0.002327
                     65,                0.01038,                 1.0328,                 1.1778,                0.57045,                0.47016,                0.49611,                0.30108,                0.00969,                0.96631,                 1.1531,               0.002313,               0.002313,               0.002313
                     66,                0.01043,                 1.0375,                 1.1814,                0.57823,                0.47522,                0.49868,                0.30265,                0.00965,                 0.9651,                 1.1511,              0.0022989,              0.0022989,              0.0022989
                     67,                0.01036,                 1.0286,                 1.1789,                0.56877,                0.47251,                0.49746,                0.30182,                0.00966,                0.96605,                 1.1536,              0.0022848,              0.0022848,              0.0022848
                     68,                0.01032,                 1.0258,                 1.1775,                0.58646,                0.46437,                0.49559,                 0.3005,                0.00963,                0.96622,                 1.1505,              0.0022707,              0.0022707,              0.0022707
                     69,                0.01044,                 1.0331,                 1.1794,                0.57069,                0.47543,                0.49675,                0.30122,                0.00961,                0.96299,                 1.1502,              0.0022566,              0.0022566,              0.0022566
                     70,                0.01041,                 1.0325,                 1.1859,                0.57344,                0.47458,                0.49807,                0.30235,                0.00962,                0.96172,                 1.1513,              0.0022426,              0.0022426,              0.0022426
                     71,                0.01031,                 1.0246,                  1.176,                0.58271,                0.47144,                0.50094,                 0.3054,                0.00961,                 0.9599,                 1.1511,              0.0022285,              0.0022285,              0.0022285
                     72,                0.01037,                  1.022,                 1.1752,                0.58299,                0.47084,                0.49939,                0.30388,                0.00961,                0.96082,                   1.15,              0.0022144,              0.0022144,              0.0022144
                     73,                0.01044,                 1.0262,                 1.1791,                0.57801,                0.47989,                0.50151,                0.30479,                 0.0096,                0.95796,                   1.15,              0.0022003,              0.0022003,              0.0022003
                     74,                0.01033,                 1.0264,                 1.1759,                0.58482,                0.47632,                 0.4996,                 0.3046,                0.00959,                0.95722,                 1.1494,              0.0021862,              0.0021862,              0.0021862
                     75,                0.01037,                 1.0226,                 1.1753,                0.58286,                0.47763,                0.50117,                0.30402,                0.00959,                0.95823,                 1.1486,              0.0021722,              0.0021722,              0.0021722
                     76,                0.01028,                  1.013,                 1.1745,                0.58953,                0.47776,                0.50368,                0.30593,                0.00957,                0.95412,                 1.1475,              0.0021581,              0.0021581,              0.0021581
                     77,                0.01029,                 1.0163,                 1.1721,                0.58892,                0.47728,                0.50504,                0.30763,                0.00957,                0.95293,                 1.1469,               0.002144,               0.002144,               0.002144
                     78,                0.01029,                 1.0184,                 1.1763,                0.58759,                0.48116,                0.50431,                0.30695,                0.00955,                0.94955,                 1.1464,              0.0021299,              0.0021299,              0.0021299
                     79,                0.01028,                 1.0138,                 1.1756,                0.57874,                 0.4799,                 0.5021,                0.30578,                0.00956,                0.95255,                 1.1471,              0.0021158,              0.0021158,              0.0021158
                     80,                 0.0104,                 1.0209,                 1.1781,                0.57244,                0.48044,                0.50169,                0.30574,                0.00957,                0.95266,                 1.1478,              0.0021018,              0.0021018,              0.0021018
                     81,                0.01028,                 1.0137,                 1.1754,                 0.5817,                0.47824,                0.50515,                0.30747,                0.00956,                 0.9513,                 1.1474,              0.0020877,              0.0020877,              0.0020877
                     82,                0.01026,                 1.0086,                 1.1692,                 0.5827,                0.48294,                0.50603,                0.30781,                0.00954,                0.94957,                 1.1453,              0.0020736,              0.0020736,              0.0020736
                     83,                0.01027,                 1.0087,                 1.1749,                 0.5813,                0.48185,                0.50562,                0.30674,                0.00953,                0.94852,                 1.1459,              0.0020595,              0.0020595,              0.0020595
                     84,                0.01028,                 1.0075,                 1.1714,                0.58084,                0.48438,                0.50707,                0.30863,                0.00952,                0.94764,                 1.1448,              0.0020454,              0.0020454,              0.0020454
                     85,                 0.0102,                 1.0034,                 1.1687,                0.58911,                0.47807,                0.50604,                0.30897,                0.00953,                0.94701,                 1.1449,              0.0020314,              0.0020314,              0.0020314
                     86,                0.01024,                 1.0044,                 1.1691,                0.59332,                0.48044,                0.50904,                 0.3104,                0.00953,                0.94565,                 1.1448,              0.0020173,              0.0020173,              0.0020173
                     87,                0.01028,                 1.0065,                 1.1742,                0.59021,                0.48117,                0.50828,                0.31008,                0.00953,                0.94558,                 1.1451,              0.0020032,              0.0020032,              0.0020032
                     88,                0.01024,                 1.0017,                 1.1686,                0.58284,                0.48482,                0.50838,                0.30976,                0.00954,                0.94604,                 1.1443,              0.0019891,              0.0019891,              0.0019891
                     89,                0.01021,                 0.9992,                 1.1714,                0.58222,                0.48696,                0.50885,                0.31006,                0.00953,                0.94578,                 1.1439,               0.001975,               0.001975,               0.001975
                     90,                0.01017,                 1.0032,                 1.1642,                0.58171,                0.48978,                 0.5098,                0.31033,                0.00954,                0.94444,                 1.1455,               0.001961,               0.001961,               0.001961
                     91,                0.01014,                 1.0003,                 1.1688,                0.58112,                0.48498,                0.50742,                 0.3088,                0.00953,                0.94394,                 1.1443,              0.0019469,              0.0019469,              0.0019469
                     92,                0.01023,                 1.0014,                 1.1699,                0.58468,                0.48433,                0.50928,                0.31063,                0.00951,                0.94281,                 1.1439,              0.0019328,              0.0019328,              0.0019328
                     93,                0.01012,                0.99557,                  1.167,                0.59229,                0.48265,                0.51073,                0.31133,                0.00951,                0.94293,                 1.1438,              0.0019187,              0.0019187,              0.0019187
                     94,                 0.0102,                 0.9923,                 1.1643,                0.58955,                0.48497,                0.51002,                0.31061,                0.00952,                0.94274,                 1.1449,              0.0019046,              0.0019046,              0.0019046
                     95,                0.01016,                0.99043,                 1.1678,                0.58773,                0.48402,                0.51107,                0.31119,                0.00952,                0.94249,                 1.1444,              0.0018906,              0.0018906,              0.0018906
                     96,                0.01014,                0.98824,                 1.1657,                0.58549,                0.48517,                 0.5118,                0.31168,                0.00951,                0.94202,                 1.1432,              0.0018765,              0.0018765,              0.0018765
                     97,                0.01012,                0.98706,                 1.1629,                0.58625,                0.48809,                0.51052,                0.31216,                 0.0095,                0.94123,                 1.1421,              0.0018624,              0.0018624,              0.0018624
                     98,                0.01018,                0.99256,                 1.1646,                0.59059,                 0.4877,                0.51157,                0.31251,                0.00949,                0.93985,                 1.1418,              0.0018483,              0.0018483,              0.0018483
                     99,                0.01008,                0.98584,                 1.1644,                0.59478,                 0.4841,                0.51195,                 0.3119,                0.00949,                 0.9387,                 1.1409,              0.0018342,              0.0018342,              0.0018342
                    100,                0.01011,                0.98044,                 1.1597,                0.59155,                0.48681,                0.51303,                0.31283,                0.00947,                0.93729,                   1.14,              0.0018202,              0.0018202,              0.0018202
                    101,                0.01015,                0.98488,                 1.1633,                0.58866,                 0.4868,                0.51278,                0.31299,                0.00946,                0.93636,                 1.1394,              0.0018061,              0.0018061,              0.0018061
                    102,                0.01009,                0.98158,                 1.1617,                0.59271,                0.48363,                0.51364,                0.31357,                0.00946,                0.93623,                 1.1392,               0.001792,               0.001792,               0.001792
                    103,                 0.0101,                0.98278,                 1.1637,                0.59524,                0.48478,                0.51384,                0.31402,                0.00946,                0.93501,                  1.139,              0.0017779,              0.0017779,              0.0017779
                    104,                0.01008,                0.97761,                 1.1609,                0.58707,                0.48981,                0.51439,                0.31433,                0.00945,                0.93426,                  1.139,              0.0017638,              0.0017638,              0.0017638
                    105,                0.01009,                0.98055,                 1.1635,                0.58571,                0.49046,                0.51389,                0.31358,                0.00945,                0.93398,                 1.1388,              0.0017498,              0.0017498,              0.0017498
                    106,                 0.0101,                 0.9784,                 1.1544,                0.58653,                0.49151,                0.51425,                0.31411,                0.00945,                0.93354,                 1.1384,              0.0017357,              0.0017357,              0.0017357
                    107,                 0.0101,                0.97612,                 1.1621,                0.59445,                0.48674,                0.51508,                0.31452,                0.00945,                0.93278,                 1.1383,              0.0017216,              0.0017216,              0.0017216
                    108,                0.01008,                0.97414,                 1.1594,                0.59514,                0.48716,                0.51492,                 0.3147,                0.00945,                0.93221,                 1.1388,              0.0017075,              0.0017075,              0.0017075
                    109,                0.01003,                0.96625,                 1.1593,                0.59474,                0.48716,                0.51529,                0.31497,                0.00946,                0.93217,                  1.139,              0.0016934,              0.0016934,              0.0016934
                    110,                0.00993,                0.96286,                   1.16,                0.59505,                0.48657,                0.51562,                0.31484,                0.00945,                0.93178,                 1.1387,              0.0016794,              0.0016794,              0.0016794
                    111,                0.01007,                0.97336,                 1.1598,                0.59684,                0.48953,                0.51592,                0.31546,                0.00945,                0.93118,                 1.1384,              0.0016653,              0.0016653,              0.0016653
                    112,                   0.01,                0.96939,                 1.1585,                0.59918,                0.48996,                0.51645,                0.31598,                0.00945,                0.93081,                  1.138,              0.0016512,              0.0016512,              0.0016512
                    113,                0.00997,                0.96462,                 1.1578,                0.59736,                0.48997,                0.51766,                0.31666,                0.00944,                0.93038,                 1.1379,              0.0016371,              0.0016371,              0.0016371
                    114,                0.00992,                0.95501,                 1.1531,                0.59518,                0.49316,                0.51817,                 0.3171,                0.00945,                0.92998,                 1.1378,               0.001623,               0.001623,               0.001623
                    115,                0.00996,                0.96221,                  1.151,                 0.5977,                0.49005,                0.51824,                0.31737,                0.00944,                0.92933,                 1.1374,               0.001609,               0.001609,               0.001609
                    116,                0.00999,                0.96432,                 1.1613,                0.59741,                0.49189,                 0.5194,                0.31792,                0.00944,                0.92874,                 1.1372,              0.0015949,              0.0015949,              0.0015949
                    117,                0.00998,                0.95972,                 1.1539,                0.60346,                 0.4882,                0.51958,                0.31792,                0.00944,                 0.9283,                 1.1372,              0.0015808,              0.0015808,              0.0015808
                    118,                0.00998,                  0.961,                 1.1576,                 0.6082,                0.48897,                0.51937,                0.31749,                0.00944,                0.92789,                  1.137,              0.0015667,              0.0015667,              0.0015667
                    119,                0.00996,                0.96065,                 1.1542,                0.60826,                0.48754,                0.51928,                0.31707,                0.00943,                0.92751,                  1.137,              0.0015526,              0.0015526,              0.0015526
                    120,                0.00994,                0.95887,                 1.1543,                0.60664,                0.48862,                0.51976,                 0.3171,                0.00943,                0.92749,                 1.1371,              0.0015386,              0.0015386,              0.0015386
                    121,                0.00994,                0.95289,                 1.1532,                0.60288,                0.49128,                0.52039,                0.31762,                0.00942,                0.92655,                 1.1369,              0.0015245,              0.0015245,              0.0015245
                    122,                0.00995,                0.95747,                 1.1538,                0.60337,                0.49283,                 0.5204,                0.31764,                0.00942,                0.92559,                 1.1367,              0.0015104,              0.0015104,              0.0015104
                    123,                0.00994,                0.95637,                 1.1526,                0.60445,                0.48966,                0.52077,                0.31751,                0.00942,                0.92527,                 1.1366,              0.0014963,              0.0014963,              0.0014963
                    124,                0.00995,                0.95338,                 1.1531,                0.60726,                0.48728,                0.52033,                0.31786,                0.00941,                0.92468,                 1.1364,              0.0014822,              0.0014822,              0.0014822
                    125,                 0.0099,                0.95171,                 1.1527,                0.60819,                0.48772,                0.52078,                0.31821,                0.00941,                0.92404,                  1.136,              0.0014682,              0.0014682,              0.0014682
                    126,                 0.0099,                0.94793,                 1.1499,                0.61101,                0.48738,                0.52155,                0.31871,                0.00941,                0.92384,                 1.1357,              0.0014541,              0.0014541,              0.0014541
                    127,                0.00997,                0.95491,                 1.1531,                0.61065,                0.48784,                0.52173,                0.31889,                0.00941,                0.92372,                 1.1357,                0.00144,                0.00144,                0.00144
                    128,                0.00989,                0.94757,                 1.1513,                0.60686,                0.49206,                 0.5224,                 0.3196,                0.00941,                 0.9231,                 1.1355,              0.0014259,              0.0014259,              0.0014259
                    129,                0.00988,                0.94966,                 1.1493,                0.60509,                0.49048,                0.52247,                0.31972,                 0.0094,                0.92263,                 1.1355,              0.0014118,              0.0014118,              0.0014118
                    130,                0.00996,                0.94997,                 1.1501,                0.60658,                0.48947,                0.52236,                0.31998,                0.00941,                0.92232,                 1.1354,              0.0013978,              0.0013978,              0.0013978
                    131,                0.00997,                0.95212,                 1.1526,                0.60531,                0.49215,                0.52249,                0.32004,                0.00941,                0.92214,                 1.1353,              0.0013837,              0.0013837,              0.0013837
                    132,                0.00994,                0.94966,                 1.1494,                0.60458,                0.49291,                0.52269,                0.32029,                0.00941,                 0.9214,                 1.1352,              0.0013696,              0.0013696,              0.0013696
                    133,                0.00989,                0.94623,                 1.1487,                 0.6043,                0.49228,                 0.5233,                0.32019,                0.00941,                0.92077,                 1.1351,              0.0013555,              0.0013555,              0.0013555
                    134,                 0.0099,                0.94185,                 1.1484,                 0.6073,                0.48988,                0.52317,                0.32019,                0.00941,                0.92011,                  1.135,              0.0013414,              0.0013414,              0.0013414
                    135,                0.00983,                0.93615,                 1.1441,                0.61086,                0.49009,                 0.5235,                0.32026,                0.00941,                0.91981,                 1.1351,              0.0013274,              0.0013274,              0.0013274
                    136,                0.00986,                0.94007,                 1.1501,                0.60723,                 0.4918,                0.52348,                0.32068,                0.00941,                0.91988,                 1.1352,              0.0013133,              0.0013133,              0.0013133
                    137,                0.00985,                0.93989,                 1.1477,                0.60937,                0.49173,                0.52392,                0.32101,                0.00941,                0.91964,                  1.135,              0.0012992,              0.0012992,              0.0012992
                    138,                0.00988,                 0.9422,                 1.1508,                0.60833,                0.49302,                0.52417,                0.32118,                 0.0094,                0.91919,                 1.1349,              0.0012851,              0.0012851,              0.0012851
                    139,                0.00983,                0.93714,                 1.1432,                0.60787,                0.49257,                0.52419,                0.32128,                 0.0094,                0.91902,                 1.1348,               0.001271,               0.001271,               0.001271
                    140,                0.00987,                0.93784,                 1.1467,                0.60728,                0.49352,                0.52454,                0.32126,                 0.0094,                0.91847,                 1.1345,               0.001257,               0.001257,               0.001257
                    141,                0.00986,                0.93849,                 1.1508,                0.60834,                0.49302,                 0.5247,                0.32121,                 0.0094,                0.91834,                 1.1341,              0.0012429,              0.0012429,              0.0012429
                    142,                0.00983,                0.93451,                 1.1444,                0.60613,                0.49288,                0.52449,                0.32134,                0.00939,                0.91778,                 1.1339,              0.0012288,              0.0012288,              0.0012288
                    143,                0.00981,                0.93184,                 1.1469,                0.60658,                0.49345,                0.52472,                0.32147,                0.00939,                 0.9177,                 1.1338,              0.0012147,              0.0012147,              0.0012147
                    144,                0.00981,                0.93215,                 1.1458,                0.60425,                 0.4956,                0.52509,                 0.3216,                0.00939,                 0.9175,                 1.1337,              0.0012006,              0.0012006,              0.0012006
                    145,                0.00984,                 0.9303,                  1.145,                0.60456,                0.49553,                0.52507,                0.32149,                0.00939,                0.91743,                 1.1335,              0.0011866,              0.0011866,              0.0011866
                    146,                0.00982,                0.93268,                 1.1441,                0.60592,                0.49561,                0.52538,                0.32119,                0.00938,                 0.9173,                 1.1334,              0.0011725,              0.0011725,              0.0011725
                    147,                0.00976,                0.92241,                 1.1434,                0.60705,                 0.4963,                 0.5256,                0.32109,                0.00939,                0.91717,                 1.1334,              0.0011584,              0.0011584,              0.0011584
                    148,                0.00976,                 0.9243,                 1.1377,                0.60441,                0.49703,                 0.5256,                0.32139,                0.00938,                0.91663,                 1.1332,              0.0011443,              0.0011443,              0.0011443
                    149,                0.00969,                0.92337,                 1.1393,                 0.6042,                0.49738,                0.52523,                 0.3217,                0.00938,                0.91629,                  1.133,              0.0011302,              0.0011302,              0.0011302
                    150,                0.00973,                0.92332,                 1.1401,                0.60236,                0.49872,                0.52522,                0.32187,                0.00938,                0.91601,                 1.1328,              0.0011162,              0.0011162,              0.0011162
                    151,                0.00971,                0.92018,                 1.1404,                0.60367,                 0.4983,                0.52505,                0.32157,                0.00938,                0.91618,                 1.1328,              0.0011021,              0.0011021,              0.0011021
                    152,                0.00973,                0.92288,                 1.1394,                0.60425,                 0.4987,                0.52533,                0.32137,                0.00938,                 0.9158,                 1.1326,               0.001088,               0.001088,               0.001088
                    153,                0.00974,                0.92035,                 1.1379,                0.60573,                0.49734,                0.52526,                0.32129,                0.00937,                 0.9156,                 1.1325,              0.0010739,              0.0010739,              0.0010739
                    154,                0.00972,                0.91925,                 1.1419,                0.60649,                0.49577,                0.52542,                0.32141,                0.00937,                0.91541,                 1.1324,              0.0010598,              0.0010598,              0.0010598
                    155,                0.00977,                 0.9231,                 1.1399,                0.60444,                0.49536,                0.52535,                0.32121,                0.00937,                 0.9156,                 1.1323,              0.0010458,              0.0010458,              0.0010458
                    156,                0.00972,                0.91238,                 1.1373,                0.60732,                0.49492,                0.52533,                0.32158,                0.00937,                0.91507,                 1.1323,              0.0010317,              0.0010317,              0.0010317
                    157,                0.00974,                0.91525,                 1.1386,                 0.6094,                0.49442,                0.52551,                0.32148,                0.00937,                0.91501,                 1.1322,              0.0010176,              0.0010176,              0.0010176
                    158,                 0.0097,                0.91261,                 1.1369,                0.60955,                0.49467,                0.52581,                0.32177,                0.00937,                0.91463,                 1.1321,              0.0010035,              0.0010035,              0.0010035
                    159,                0.00973,                0.91644,                 1.1405,                0.61128,                  0.494,                0.52631,                0.32208,                0.00937,                0.91474,                 1.1321,             0.00098944,             0.00098944,             0.00098944
                    160,                0.00967,                0.90723,                 1.1348,                0.60884,                0.49575,                0.52653,                0.32217,                0.00937,                0.91446,                 1.1319,             0.00097536,             0.00097536,             0.00097536
                    161,                 0.0097,                0.91153,                 1.1378,                0.60817,                0.49531,                0.52635,                0.32209,                0.00937,                0.91433,                 1.1319,             0.00096128,             0.00096128,             0.00096128
                    162,                0.00966,                0.90548,                 1.1367,                0.60828,                0.49571,                0.52647,                0.32233,                0.00937,                0.91415,                 1.1318,              0.0009472,              0.0009472,              0.0009472
                    163,                0.00975,                0.91679,                 1.1379,                 0.6089,                0.49536,                0.52654,                0.32208,                0.00937,                0.91391,                 1.1317,             0.00093312,             0.00093312,             0.00093312
                    164,                0.00966,                0.90969,                 1.1354,                  0.611,                0.49444,                 0.5266,                0.32225,                0.00937,                0.91373,                 1.1317,             0.00091904,             0.00091904,             0.00091904
                    165,                 0.0097,                0.90918,                 1.1379,                0.61142,                0.49484,                0.52653,                0.32204,                0.00937,                0.91365,                 1.1318,             0.00090496,             0.00090496,             0.00090496
                    166,                0.00966,                0.90169,                 1.1329,                0.61321,                0.49337,                0.52661,                0.32227,                0.00937,                0.91337,                 1.1318,             0.00089088,             0.00089088,             0.00089088
                    167,                0.00961,                0.90024,                 1.1336,                0.61389,                0.49205,                0.52678,                0.32216,                0.00937,                0.91321,                 1.1318,              0.0008768,              0.0008768,              0.0008768
                    168,                0.00964,                0.90367,                 1.1365,                0.61322,                0.49385,                0.52681,                0.32221,                0.00937,                0.91315,                 1.1318,             0.00086272,             0.00086272,             0.00086272
                    169,                0.00962,                0.90178,                 1.1359,                0.61329,                0.49441,                0.52681,                0.32208,                0.00937,                0.91273,                 1.1317,             0.00084864,             0.00084864,             0.00084864
                    170,                0.00962,                0.90045,                 1.1311,                0.61544,                0.49373,                0.52711,                0.32253,                0.00936,                0.91246,                 1.1316,             0.00083456,             0.00083456,             0.00083456
                    171,                0.00962,                0.89583,                 1.1341,                0.61549,                0.49418,                0.52743,                0.32248,                0.00936,                0.91219,                 1.1316,             0.00082048,             0.00082048,             0.00082048
                    172,                0.00963,                0.89912,                 1.1333,                0.61264,                0.49503,                0.52735,                0.32248,                0.00936,                0.91215,                 1.1316,              0.0008064,              0.0008064,              0.0008064
                    173,                0.00958,                0.89324,                 1.1293,                0.61328,                0.49447,                0.52747,                0.32261,                0.00936,                0.91198,                 1.1315,             0.00079232,             0.00079232,             0.00079232
                    174,                0.00963,                0.89298,                 1.1298,                0.61153,                0.49551,                0.52751,                0.32291,                0.00936,                0.91167,                 1.1315,             0.00077824,             0.00077824,             0.00077824
                    175,                0.00963,                0.90012,                 1.1357,                0.61129,                0.49542,                0.52753,                 0.3229,                0.00936,                0.91172,                 1.1315,             0.00076416,             0.00076416,             0.00076416
                    176,                 0.0096,                0.89218,                 1.1296,                 0.6129,                0.49536,                0.52756,                0.32293,                0.00936,                0.91146,                 1.1315,             0.00075008,             0.00075008,             0.00075008
                    177,                0.00954,                0.88838,                 1.1317,                0.61322,                0.49528,                0.52758,                0.32297,                0.00936,                0.91137,                 1.1314,               0.000736,               0.000736,               0.000736
                    178,                0.00957,                0.88922,                 1.1284,                0.61223,                0.49565,                0.52753,                0.32292,                0.00936,                0.91113,                 1.1314,             0.00072192,             0.00072192,             0.00072192
                    179,                0.00956,                 0.8884,                 1.1305,                 0.6138,                0.49414,                0.52758,                0.32314,                0.00936,                0.91098,                 1.1314,             0.00070784,             0.00070784,             0.00070784
                    180,                0.00959,                 0.8909,                 1.1338,                0.61375,                0.49418,                0.52756,                0.32303,                0.00936,                0.91086,                 1.1314,             0.00069376,             0.00069376,             0.00069376
                    181,                0.00956,                0.88649,                 1.1301,                0.61325,                0.49376,                0.52762,                0.32295,                0.00936,                0.91076,                 1.1314,             0.00067968,             0.00067968,             0.00067968
                    182,                0.00951,                0.88314,                 1.1296,                0.61284,                0.49407,                0.52738,                0.32289,                0.00936,                0.91055,                 1.1313,              0.0006656,              0.0006656,              0.0006656
                    183,                0.00954,                0.88153,                 1.1261,                0.61276,                0.49363,                0.52759,                0.32278,                0.00936,                0.91028,                 1.1312,             0.00065152,             0.00065152,             0.00065152
                    184,                0.00955,                0.88679,                 1.1311,                0.61305,                 0.4945,                0.52787,                0.32285,                0.00936,                0.91038,                 1.1312,             0.00063744,             0.00063744,             0.00063744
                    185,                0.00955,                0.88482,                 1.1299,                  0.612,                0.49503,                0.52797,                0.32287,                0.00936,                 0.9102,                 1.1312,             0.00062336,             0.00062336,             0.00062336
                    186,                0.00955,                0.88017,                 1.1263,                0.61304,                0.49482,                0.52794,                 0.3229,                0.00936,                0.91015,                 1.1312,             0.00060928,             0.00060928,             0.00060928
                    187,                0.00945,                0.87374,                 1.1256,                0.61429,                0.49468,                0.52813,                0.32309,                0.00936,                0.91018,                 1.1311,              0.0005952,              0.0005952,              0.0005952
                    188,                0.00949,                0.87582,                 1.1236,                0.61161,                0.49524,                0.52787,                0.32298,                0.00936,                0.91005,                  1.131,             0.00058112,             0.00058112,             0.00058112
                    189,                0.00944,                0.87067,                 1.1251,                0.61408,                0.49416,                0.52797,                0.32293,                0.00936,                0.90981,                  1.131,             0.00056704,             0.00056704,             0.00056704
                    190,                0.00948,                0.87355,                  1.124,                0.61411,                0.49421,                0.52812,                0.32314,                0.00936,                0.90971,                  1.131,             0.00055296,             0.00055296,             0.00055296
                    191,                0.00944,                0.86541,                 1.1455,                0.61429,                0.49409,                0.52802,                0.32306,                0.00936,                0.90967,                  1.131,             0.00053888,             0.00053888,             0.00053888
                    192,                0.00941,                0.86249,                 1.1444,                0.61324,                0.49453,                0.52811,                0.32312,                0.00936,                0.90967,                 1.1309,              0.0005248,              0.0005248,              0.0005248
                    193,                0.00938,                0.85703,                 1.1418,                0.61396,                0.49446,                0.52809,                0.32322,                0.00936,                0.90974,                  1.131,             0.00051072,             0.00051072,             0.00051072
                    194,                0.00936,                0.85245,                 1.1378,                0.61408,                0.49406,                0.52815,                0.32318,                0.00936,                0.90965,                 1.1309,             0.00049664,             0.00049664,             0.00049664
                    195,                 0.0094,                0.85198,                 1.1408,                0.61399,                0.49413,                0.52821,                 0.3233,                0.00936,                0.90966,                 1.1309,             0.00048256,             0.00048256,             0.00048256
                    196,                0.00939,                0.85363,                 1.1411,                0.61407,                0.49346,                0.52792,                0.32312,                0.00936,                0.90966,                 1.1309,             0.00046848,             0.00046848,             0.00046848
                    197,                0.00932,                0.84911,                 1.1392,                0.61494,                0.49256,                0.52778,                  0.323,                0.00936,                0.90951,                 1.1309,              0.0004544,              0.0004544,              0.0004544
                    198,                0.00936,                0.84858,                 1.1375,                0.61513,                0.49242,                0.52773,                0.32321,                0.00936,                0.90948,                 1.1308,             0.00044032,             0.00044032,             0.00044032
                    199,                0.00933,                 0.8439,                 1.1384,                0.61526,                0.49286,                 0.5279,                0.32333,                0.00936,                 0.9093,                 1.1308,             0.00042624,             0.00042624,             0.00042624
                    200,                0.00932,                0.84242,                 1.1376,                0.61526,                0.49267,                0.52777,                0.32319,                0.00936,                0.90938,                 1.1308,             0.00041216,             0.00041216,             0.00041216
